,cost/MJ,energy_shortfall,GHG_emission/MJ
0,0.03366589683034012,486413344500.531,29.29687210378214
