,new_cost,new_Q,new_GHG
0,0.041239618,6.64E+11,38.589636
