,cost/MJ,energy_shortfall,GHG_emission/MJ
0,0.02126090667165816,126611895270.74976,36.62616790457507
