,cost/MJ,energy_shortfall,GHG_emission/MJ
0,0.027379643,85956081829,32.24704316
