,cost/MJ,energy_shortfall,GHG_emission/MJ
0,0.023696016363954648,187028040957.28784,35.89205099554606
