,cost/MJ,energy_shortfall,GHG_emission/MJ
0,0.033001363400100785,306427334966.4717,29.173396505992894
