,cost/MJ,energy_shortfall,GHG_emission/MJ
0,0.04255179890436362,834120321542.2998,35.47869983265834
