,cost/MJ,energy_shortfall,GHG_emission/MJ
0,0.028723352758224092,430166352225.65674,32.99916504424546
