,cost/MJ,energy_shortfall,GHG_emission/MJ
0,0.020995939,7116281711,36.42511053
