,cost/MJ,energy_shortfall,GHG_emission/MJ
0,0.02034500178300348,53955988759.5531,36.341246589503356
