,cost/MJ,energy_shortfall,GHG_emission/MJ
0,0.0345301989678965,567928067174.481,34.38298241264922
