,cost/MJ,energy_shortfall,GHG_emission/MJ
0,0.03960133199869321,557678209459.1096,37.292551557594614
