,cost/MJ,energy_shortfall,GHG_emission/MJ
0,0.037808495529752476,844370179257.6731,32.50539721610402
