,cost/MJ,energy_shortfall,GHG_emission/MJ
0,0.035137850590062046,800302223604.1495,29.827961581904976
