,cost/MJ,energy_shortfall,GHG_emission/MJ
0,0.03451137408442667,651515355750.6692,29.436192148104205
