,cost/MJ,energy_shortfall,GHG_emission/MJ
0,0.026379537383808844,277995094417.3657,33.938628816912825
