,cost/MJ,energy_shortfall,GHG_emission/MJ
0,0.03257321101479683,131869710769.22565,29.0095712694708
