,cost/MJ,energy_shortfall,GHG_emission/MJ
0,0.022391151,41669872008,35.4504653
